{
    "looking_for": [
      { "name": "New Friends" },
      { "name": "Teammates" },
      { "name": "Roommate" },
      { "name": "Partnership" },
      { "name": "Clients" },
      { "name": "Students" },
      { "name": "Coach" },
      { "name": "Girlfriend" },
      { "name": "Boyfriend" },
      { "name": "Colleagues" },
      { "name": "Mentor" },
      { "name": "Teacher" },
      { "name": "Classmates" },
      { "name": "Neighbors" },
      { "name": "Siblings" },
      { "name": "Parents" },
      { "name": "Relatives" },
      { "name": "Grandparents" },
      { "name": "Cousins" },
      { "name": "Aunts/Uncles" },
      { "name": "In-Laws" },
      { "name": "Acquaintances" },
      { "name": "Business Partners" },
      { "name": "Supervisor" },
      { "name": "Subordinates" },
      { "name": "Clients" },
      { "name": "Customers" },
      { "name": "Patients" },
      { "name": "Apprentice" },
      { "name": "Protégé" },
      { "name": "Boss" },
      { "name": "Teammates" },
      { "name": "Bandmates" },
      { "name": "Band Manager" },
      { "name": "Fans" },
      { "name": "Roommates" },
      { "name": "Classmates" },
      { "name": "Study Group" },
      { "name": "Project Partners" },
      { "name": "Club Members" },
      { "name": "Volunteers" },
      { "name": "Co-workers" },
      { "name": "Business Associates" },
      { "name": "Customers" },
      { "name": "Clients" },
      { "name": "Suppliers" },
      { "name": "Investors" },
      { "name": "Audience" },
      { "name": "Readers" },
      { "name": "Viewers" },
      { "name": "Subscribers" }
    ]
  }
  