{
    "interests": [
      { "name": "Entrepreneurship" },
      { "name": "Hiking" },
      { "name": "Biology" },
      { "name": "Cooking" },
      { "name": "Painting" },
      { "name": "Gardening" },
      { "name": "History" },
      { "name": "Music" },
      { "name": "Writing" },
      { "name": "Reading" },
      { "name": "Singing" },
      { "name": "Dancing" },
      { "name": "Traveling" },
      { "name": "Sports" },
      { "name": "Yoga" },
      { "name": "Meditation" },
      { "name": "Gaming" },
      { "name": "Film-making" },
      { "name": "Acting" },
      { "name": "Cycling" },
      { "name": "Swimming" },
      { "name": "Skiing" },
      { "name": "Golf" },
      { "name": "Chess" },
      { "name": "Soccer" },
      { "name": "Basketball" },
      { "name": "Tennis" },
      { "name": "Volleyball" },
      { "name": "Cricket" },
      { "name": "Gymnastics" },
      { "name": "Archery" },
      { "name": "Fishing" },
      { "name": "Writing" },
      { "name": "Calligraphy" },
      { "name": "Knitting" },
      { "name": "Embroidery" },
      { "name": "Woodworking" },
      { "name": "Pottery" },
      { "name": "Sculpting" },
      { "name": "Carpentry" },
      { "name": "Modeling" },
      { "name": "Coin collecting" },
      { "name": "Stamp collecting" },
      { "name": "Bird watching" },
      { "name": "Stargazing" },
      { "name": "Philately" },
      { "name": "Philosophy" },
      { "name": "Astrology" }
    ]
  }
  