{
    "languages": [
      { "name": "Mandarin Chinese" },
      { "name": "Spanish" },
      { "name": "English" },
      { "name": "Hindi" },
      { "name": "Bengali" },
      { "name": "Portuguese" },
      { "name": "Russian" },
      { "name": "Japanese" },
      { "name": "German" },
      { "name": "Korean" },
      { "name": "French" },
      { "name": "Italian" },
      { "name": "Turkish" },
      { "name": "Indonesian" },
      { "name": "Dutch" },
      { "name": "Swahili" },
      { "name": "Polish" },
      { "name": "Ukrainian" },
      { "name": "Vietnamese" },
      { "name": "Tamil" },
      { "name": "Filipino" },
      { "name": "Persian" },
      { "name": "Thai" },
      { "name": "Romanian" },
      { "name": "Czech" },
      { "name": "Greek" },
      { "name": "Swedish" },
      { "name": "Hungarian" },
      { "name": "Danish" },
      { "name": "Finnish" },
      { "name": "Norwegian" },
      { "name": "Hebrew" },
      { "name": "Arabic" },
      { "name": "Slovak" },
      { "name": "Bulgarian" },
      { "name": "Lithuanian" },
      { "name": "Latvian" },
      { "name": "Estonian" },
      { "name": "Slovenian" },
      { "name": "Serbian" },
      { "name": "Croatian" },
      { "name": "Albanian" },
      { "name": "Macedonian" },
      { "name": "Icelandic" },
      { "name": "Georgian" },
      { "name": "Azerbaijani" },
      { "name": "Kazakh" },
      { "name": "Uzbek" },
      { "name": "Tajik" }
    ]
  }
  